<?xml version="1.0" encoding="UTF-8" ?>
<!DOCTYPE mapper
  PUBLIC "-//mybatis.org//DTD Mapper 3.0//EN"
  "https://mybatis.org/dtd/mybatis-3-mapper.dtd">
<mapper namespace="com.ssafy.TmT.dao.AdminDao">

	<insert id="insertTransaction"
		parameterType="InsertTransactionDTO">

		INSERT INTO Transaction(
		account_id,
		category_code,
		transaction_datetime,
		amount,
		balance_after,
		merchant_name,
		transaction_type
		)
		VALUES (
		#{accountId},
		#{categoryCode},
		#{transactionDatetime},
		#{amount},
		#{balanceAfter},
		#{merchantName},
		#{transactionType}
		)
	</insert>


	<insert id="insertAccount" parameterType="InsertAccountDTO">
		INSERT INTO Account (
		account_type,
		account_number,
		account_name,
		bank_name,
		member_id
		<if test="interestRate != null">
			, interest_rate
		</if>
		<if test="maturityDate != null">
			, maturity_date
		</if>
		)
		VALUES (
		#{accountType},
		#{accountNumber},
		#{accountName},
		#{bankName},
		#{memberId}
		<if test="interestRate != null">
			, #{interestRate}
		</if>
		<if test="maturityDate != null">
			, #{maturityDate}
		</if>
		)
	</insert>

</mapper>
