<?xml version="1.0" encoding="UTF-8" ?>
<!DOCTYPE mapper
  PUBLIC "-//mybatis.org//DTD Mapper 3.0//EN"
  "https://mybatis.org/dtd/mybatis-3-mapper.dtd">
  
  <mapper namespace="com.ssafy.TmT.dao.TransactionDao">
	
<select id="findTransactionsByAccountId" parameterType="SearchCondition" resultType="TransactionDTO">
    SELECT
        t.transaction_id,
        c.category_name,
        t.transaction_datetime,
        t.amount,
        t.balance_after,
        t.merchant_name,
        t.transaction_type
    FROM
        Transaction t
    LEFT JOIN
        Category c ON t.category_code = c.category_code
    WHERE
        t.account_id = #{accountId}
        AND t.transaction_datetime >= #{startDate} 
        <if test="transactionType != null">
            AND t.transaction_type = #{transactionType} 
        </if>
    ORDER BY
        t.transaction_datetime DESC
    LIMIT #{offset}, #{size}
</select>

    <insert id="insertTransactions" parameterType="list">
        INSERT INTO Transaction (account_id, category_code, transaction_datetime, amount, balance_after, merchant_name, transaction_type)
        VALUES
        <foreach collection="list" item="transaction" separator=",">
            (#{transaction.accountId}, #{transaction.categoryCode}, #{transaction.transactionDatetime}, #{transaction.amount}, #{transaction.balanceAfter}, #{transaction.merchantName}, #{transaction.transactionType})
        </foreach>
    </insert>

 
	
</mapper>